1,こんにちは～！アルカナンバーの世界にようこそ！,null
2,今からこのゲームの遊び方を説明するね！,null
3,このゲームはオンラインで最大4人と戦える<br>2Dアクションゲームだよ,null
4,ゲームがスタートするとランダムな<br>アルカナカードが５枚出てくるよ,null
5,カードには様々な種類があって、それぞれ<br>固有のアルカナスキルを持ってるよ！,null
6,５枚の中から使いたいカードを一枚選ぼう！,null
7,アルカナスキルを選んだら<br>次は通常スキルを4つ選択できるよ！,null
8,アルカナスキルに合わせて選択するもよし、<br>自分の好きなスキルを選んでもよし,null
9,好きなように組み合わせてね！,null
10,スキルを選んだらいよいよバトル開始だよ,null
11,勝つ方法はシンプル！,null
12,先に相手のHPを0にして最後まで<br>生き残った人が勝ちだよ！,null
13,あと制限時間が0になったときは<br>一番体力の多い人が勝者になるからね,null
14,ここからは、操作説明だよ,Move
15,移動はAキーとDキー<br>左右に移動できるよ！,null
16,ジャンプはスペースキー！,null
17,左クリックで通常攻撃が出せるよ！,null
18,次はスキルの使い方！,null
19,スキルは各4つの中から、<br>マウスホイールで選択して使うんだ！,null
20,スキルを決めたら、<br>左クリックで発動できるよ！,null
21,各スキルはそれぞれ狙い方が変わるから、<br>気を付けてね,null
22,説明はこれで終わりだよ,null
23,トレーニングモードもあるから、<br>操作が不安な人は練習していってね！,null
24,チュートリアルはEscapeキーで終了できるよ～,End
